<?xml version="1.0" encoding="UTF-8"?>
<!--

Level Control cluster (0x0008) XML PICS
ZigBee Document 16-02807-003
May 9th, 2017

Copyright (c) ZigBee Alliance, Inc. (1996-2016).  All rights reserved.
508 Second Street, Suite 206 Davis, CA 95616 - USA
http://www.zigbee.org

Permission is granted to members of the ZigBee Alliance to reproduce this document
for their own use or the use of other ZigBee Alliance members only, provided this
notice is included.  All other rights reserved.  Duplication for sale, or for
commercial or for-profit use is strictly prohibited without the prior written consent
of the ZigBee Alliance.

Accepted by
===========
This document has not been accepted for release by the ZigBee Alliance Board of
Directors

Abstract
========
This document contains the XML PICS for the Level Control cluster according to the generic
XML PICS schema: 16-03902-003-Generic-PICS-XML-Schema.xsd

Notice of use and disclosure
============================
Copyright © ZigBee Alliance, Inc. (1996-2016). All rights Reserved. This information
within this document is the property of the ZigBee Alliance and its use and
disclosure are restricted.

Elements of ZigBee Alliance specifications may be subject to third party intellectual
property rights, including without limitation, patent, copyright or trademark rights
(such a third party may or may not be a member of ZigBee). ZigBee is not responsible
and shall not be held responsible in any manner for identifying or failing to identify
any or all such third party intellectual property rights.

No right to use any ZigBee name, logo or trademark is conferred herein.  Use of any
ZigBee name, logo or trademark requires membership in the ZigBee Alliance and
compliance with the ZigBee Logo and Trademark Policy and related ZigBee policies.

This document and the information contained herein are provided on an “AS IS” basis
and ZigBee DISCLAIMS ALL WARRANTIES EXPRESS OR IMPLIED, INCLUDING BUT NOT LIMITED TO
(A) ANY WARRANTY THAT THE USE OF THE INFORMATION HEREIN WILL NOT INFRINGE ANY RIGHTS
OF THIRD PARTIES (INCLUDING WITHOUT LIMITATION ANY INTELLECTUAL PROPERTY RIGHTS
INCLUDING PATENT, COPYRIGHT OR TRADEMARK RIGHTS) OR (B) ANY IMPLIED WARRANTIES OF
MERCHANTABILITY, FITNESS FOR A PARTICULAR PURPOSE, TITLE OR NONINFRINGEMENT. IN NO
EVENT WILL ZIGBEE BE LIABLE FOR ANY LOSS OF PROFITS, LOSS OF BUSINESS, LOSS OF USE OF
DATA, INTERRUPTION OF BUSINESS, OR FOR ANY OTHER DIRECT, INDIRECT, SPECIAL OR
EXEMPLARY, INCIDENTIAL, PUNITIVE OR CONSEQUENTIAL DAMAGES OF ANY KIND, IN CONTRACT OR
IN TORT, IN CONNECTION WITH THIS DOCUMENT OR THE INFORMATION CONTAINED HEREIN, EVEN
IF ADVISED OF THE POSSIBILITY OF SUCH LOSS OR DAMAGE. All Company, brand and product
names may be trademarks that are the sole property of their respective owners.  

The above notice and this paragraph must be included on all copies of this document
that are made.

PICS Completion Notes
=====================
In each <support></support> item use:
  "true"  if the feature is supported, OR
  "false" if the feature is NOT supported
By default all items are not supported (false)
    
-->
<clusterPICS xmlns:xsi="http://www.w3.org/2001/XMLSchema-instance"
xsi:noNamespaceSchemaLocation="file://./16-03902-003-Generic-PICS-XML-Schema.xsd">
  <!-- General cluster information -->
	<name>Level Control</name>
	<clusterId>0x0008</clusterId>
	<picsRoot>LC</picsRoot>
  <!-- Cluster usage -->
	<usage>
		<picsItem>
			<itemNumber>LC.S</itemNumber>
			<feature>Does the device implement the level control cluster as a server?</feature>
			<reference>3.10.2</reference>
			<status>O</status>
			<support>true</support>
		</picsItem>
		<picsItem>
			<itemNumber>LC.C</itemNumber>
			<feature>Does the device implement the level control cluster as a client?</feature>
			<reference>3.10.3</reference>
			<status>O</status>
			<support>false</support>
		</picsItem>
	</usage>
  <!-- Server side -->
	<clusterSide type="server">
		<attributes>
			<picsItem>
				<itemNumber>LC.S.A0000</itemNumber>
				<feature>Does the device implement the CurrentLevel attribute?</feature>
				<reference>Table 3.52</reference>
				<reference>3.10.2.3.1</reference>
				<status cond="LC.S">M</status>
				<support>true</support>
			</picsItem>
      <picsItem>
        <itemNumber>LC.S.A0000.Scene</itemNumber>
        <feature>Does the device implement receiving and responding to the scene cluster commands for the CurrentLevel attribute?</feature>
        <reference>3.10.2.6</reference>
        <status cond="(LC.S.A0000 AND S.S)">M</status>
        <support>true</support>
      </picsItem>
      <picsItem>
        <itemNumber>LC.S.A0000.Report.Tx</itemNumber>
        <feature>Does the device implement receiving and responding to the global report attribute commands for the CurrentLevel attribute and sending reports?</feature>
        <reference>3.10.2.7</reference>
        <status cond="LC.S.A0000">M</status>
        <support>true</support>
      </picsItem>
      <picsItem>
        <itemNumber>LC.S.A0001</itemNumber>
        <feature>Does the device implement the RemainingTime attribute?</feature>
        <reference>Table 3.52</reference>
        <reference>3.10.2.3.2</reference>
        <status cond="LC.S">O</status>
        <support>false</support>
      </picsItem>
      <picsItem>
        <itemNumber>LC.S.A000f</itemNumber>
        <feature>Does the device implement the Options attribute?</feature>
        <reference>Table 3.52</reference>
        <reference>3.10.2.3.3</reference>
        <status cond="LC.S">M</status>
        <support>true</support>
      </picsItem>
      <picsItem>
        <itemNumber>LC.S.A0010</itemNumber>
        <feature>Does the device implement the OnOffTransitionTime attribute?</feature>
        <reference>Table 3.52</reference>
        <reference>3.10.2.3.4</reference>
        <status cond="LC.S">O</status>
        <support>false</support>
      </picsItem>
      <picsItem>
        <itemNumber>LC.S.A0011</itemNumber>
        <feature>Does the device implement the OnLevel attribute?</feature>
        <reference>Table 3.52</reference>
        <reference>3.10.2.3.5</reference>
        <status cond="LC.S">O</status>
        <support>true</support>
      </picsItem>
      <picsItem>
        <itemNumber>LC.S.A0012</itemNumber>
        <feature>Does the device implement the OnTransitionTime attribute?</feature>
        <reference>Table 3.52</reference>
        <reference>3.10.2.3.6</reference>
        <status cond="LC.S">O</status>
        <support>false</support>
      </picsItem>
      <picsItem>
        <itemNumber>LC.S.A0013</itemNumber>
        <feature>Does the device implement the OffTransitionTime attribute?</feature>
        <reference>Table 3.52</reference>
        <reference>3.10.2.3.7</reference>
        <status cond="LC.S">O</status>
        <support>false</support>
      </picsItem>
      <picsItem>
        <itemNumber>LC.S.A0014</itemNumber>
        <feature>Does the device implement the DefaultMoveRate attribute?</feature>
        <reference>Table 3.52</reference>
        <reference>3.10.2.3.8</reference>
        <status cond="LC.S">O</status>
        <support>false</support>
      </picsItem>
      <picsItem>
        <itemNumber>LC.S.A4000</itemNumber>
        <feature>Does the device implement the StartUpCurrentLevel attribute?</feature>
        <reference>[ZLO] Table 72</reference>
        <reference>27.4.1.1.1</reference>
        <status cond="LC.S">O</status>
        <support>false</support>
      </picsItem>
      <picsItem>
        <itemNumber>LC.S.Afffd</itemNumber>
        <feature>Does the device implement the ClusterRevision global attribute?</feature>
        <reference>Table 2-1</reference>
        <reference>2.3.5.1.1</reference>
        <status cond="LC.S">M</status>
        <support>true</support>
      </picsItem>
      <picsItem>
        <itemNumber>LC.S.Afffe</itemNumber>
        <feature>Does the device implement the AttributeReportingStatus global attribute?</feature>
        <reference>Table 2-1</reference>
        <reference>2.3.5.1.2</reference>
        <status cond="LC.S">O</status>
        <support>false</support>
      </picsItem>
    </attributes>
		<commandsReceived>
			<picsItem>
				<itemNumber>LC.S.C00.Rsp</itemNumber>
				<feature>Does the device implement receiving the Move To Level command?</feature>
				<reference>Table 3.53</reference>
				<reference>3.10.2.4.1</reference>
				<status cond="LC.S">M</status>
				<support>true</support>
			</picsItem>
      <picsItem>
        <itemNumber>LC.S.C01.Rsp</itemNumber>
        <feature>Does the device implement receiving the Move command?</feature>
        <reference>Table 3.53</reference>
        <reference>3.10.2.4.2</reference>
        <status cond="LC.S">M</status>
        <support>true</support>
      </picsItem>
      <picsItem>
        <itemNumber>LC.S.C02.Rsp</itemNumber>
        <feature>Does the device implement receiving the Step command?</feature>
        <reference>Table 3.53</reference>
        <reference>3.10.2.4.3</reference>
        <status cond="LC.S">M</status>
        <support>true</support>
      </picsItem>
      <picsItem>
        <itemNumber>LC.S.C03.Rsp</itemNumber>
        <feature>Does the device implement receiving the Stop command?</feature>
        <reference>Table 3.53</reference>
        <reference>3.10.2.4.4</reference>
        <status cond="LC.S">M</status>
        <support>true</support>
      </picsItem>
      <picsItem>
        <itemNumber>LC.S.C04.Rsp</itemNumber>
        <feature>Does the device implement receiving the Move To Level (With On/Off) command?</feature>
        <reference>Table 3.53</reference>
        <reference>3.10.2.4.5</reference>
        <status cond="LC.S">M</status>
        <support>true</support>
      </picsItem>
      <picsItem>
        <itemNumber>LC.S.C05.Rsp</itemNumber>
        <feature>Does the device implement receiving the Move (With On/Off) command?</feature>
        <reference>Table 3.53</reference>
        <reference>3.10.2.4.5</reference>
        <status cond="LC.S">M</status>
        <support>true</support>
      </picsItem>
      <picsItem>
        <itemNumber>LC.S.C06.Rsp</itemNumber>
        <feature>Does the device implement receiving the Step (With On/Off) command?</feature>
        <reference>Table 3.53</reference>
        <reference>3.10.2.4.5</reference>
        <status cond="LC.S">M</status>
        <support>true</support>
      </picsItem>
      <picsItem>
        <itemNumber>LC.S.C07.Rsp</itemNumber>
        <feature>Does the device implement receiving the Stop command?</feature>
        <reference>Table 3.53</reference>
        <reference>3.10.2.4.5</reference>
        <status cond="LC.S">M</status>
        <support>true</support>
      </picsItem>
    </commandsReceived>
	</clusterSide>
  <!-- Client side -->
	<clusterSide type="client">
    <attributes>
      <picsItem>
        <itemNumber>LC.C.A0000.Report.Rsp</itemNumber>
        <feature>Does the device implement sending global report attribute command requests and receiving reports for the CurrentLevel attribute?</feature>
        <reference>3.10.2.7</reference>
        <status cond="LC.C">O</status>
        <support>false</support>
      </picsItem>
      <picsItem>
        <itemNumber>LC.C.Afffd</itemNumber>
        <feature>Does the device implement the ClusterRevision global attribute?</feature>
        <reference>Table 2-1</reference>
        <reference>2.3.5.1.1</reference>
        <status cond="LC.C">M</status>
        <support>false</support>
      </picsItem>
      <picsItem>
        <itemNumber>LC.C.Afffe</itemNumber>
        <feature>Does the device implement the AttributeReportingStatus global attribute?</feature>
        <reference>Table 2-1</reference>
        <reference>2.3.5.1.2</reference>
        <status cond="LC.C">O</status>
        <support>false</support>
      </picsItem>
    </attributes>
		<commandsGenerated>
			<picsItem>
				<itemNumber>LC.C.C00.Tx</itemNumber>
				<feature>Does the device implement sending the Move To Level command?</feature>
				<reference>Table 3.53</reference>
				<reference>3.10.2.4.1</reference>
				<status cond="LC.C">O</status>
				<support>false</support>
			</picsItem>
      <picsItem>
        <itemNumber>LC.C.C01.Tx</itemNumber>
        <feature>Does the device implement sending the Move command?</feature>
        <reference>Table 3.53</reference>
        <reference>3.10.2.4.2</reference>
        <status cond="LC.C">O</status>
        <support>false</support>
      </picsItem>
      <picsItem>
        <itemNumber>LC.C.C02.Tx</itemNumber>
        <feature>Does the device implement sending the Step command?</feature>
        <reference>Table 3.53</reference>
        <reference>3.10.2.4.3</reference>
        <status cond="LC.C">O</status>
        <support>false</support>
      </picsItem>
      <picsItem>
        <itemNumber>LC.C.C03.Tx</itemNumber>
        <feature>Does the device implement sending the Stop command?</feature>
        <reference>Table 3.53</reference>
        <reference>3.10.2.4.4</reference>
        <status cond="LC.C">O</status>
        <support>false</support>
      </picsItem>
      <picsItem>
        <itemNumber>LC.C.C04.Tx</itemNumber>
        <feature>Does the device implement sending the Move To Level (With On/Off) command?</feature>
        <reference>Table 3.53</reference>
        <reference>3.10.2.4.5</reference>
        <status cond="LC.C">O</status>
        <support>false</support>
      </picsItem>
      <picsItem>
        <itemNumber>LC.C.C05.Tx</itemNumber>
        <feature>Does the device implement sending the Move (With On/Off) command?</feature>
        <reference>Table 3.53</reference>
        <reference>3.10.2.4.5</reference>
        <status cond="LC.C">O</status>
        <support>false</support>
      </picsItem>
      <picsItem>
        <itemNumber>LC.C.C06.Tx</itemNumber>
        <feature>Does the device implement sending the Step (With On/Off) command?</feature>
        <reference>Table 3.53</reference>
        <reference>3.10.2.4.1</reference>
        <status cond="LC.C">O</status>
        <support>false</support>
      </picsItem>
      <picsItem>
        <itemNumber>LC.C.C07.Tx</itemNumber>
        <feature>Does the device implement sending the Stop command?</feature>
        <reference>Table 3.53</reference>
        <reference>3.10.2.4.5</reference>
        <status cond="LC.C">O</status>
        <support>false</support>
      </picsItem>
    </commandsGenerated>
	</clusterSide>
</clusterPICS>
