<?xml version="1.0" encoding="UTF-8"?>
<!--

Scenes cluster (0x0005) XML PICS
ZigBee Document 16-02805-002
May 4th, 2017

Copyright (c) ZigBee Alliance, Inc. (1996-2017).  All rights reserved.
508 Second Street, Suite 206 Davis, CA 95616 - USA
http://www.zigbee.org

Permission is granted to members of the ZigBee Alliance to reproduce this document
for their own use or the use of other ZigBee Alliance members only, provided this
notice is included.  All other rights reserved.  Duplication for sale, or for
commercial or for-profit use is strictly prohibited without the prior written consent
of the ZigBee Alliance.

Accepted by
===========
This document has not been accepted for release by the ZigBee Alliance Board of
Directors

Abstract
========
This document contains the XML PICS for the Scenes cluster according to the generic
XML PICS schema: 16-03902-003-Generic-PICS-XML-Schema.xsd

Notice of use and disclosure
============================
Copyright © ZigBee Alliance, Inc. (1996-2017). All rights Reserved. This information
within this document is the property of the ZigBee Alliance and its use and
disclosure are restricted.

Elements of ZigBee Alliance specifications may be subject to third party intellectual
property rights, including without limitation, patent, copyright or trademark rights
(such a third party may or may not be a member of ZigBee). ZigBee is not responsible
and shall not be held responsible in any manner for identifying or failing to identify
any or all such third party intellectual property rights.

No right to use any ZigBee name, logo or trademark is conferred herein.  Use of any
ZigBee name, logo or trademark requires membership in the ZigBee Alliance and
compliance with the ZigBee Logo and Trademark Policy and related ZigBee policies.

This document and the information contained herein are provided on an “AS IS” basis
and ZigBee DISCLAIMS ALL WARRANTIES EXPRESS OR IMPLIED, INCLUDING BUT NOT LIMITED TO
(A) ANY WARRANTY THAT THE USE OF THE INFORMATION HEREIN WILL NOT INFRINGE ANY RIGHTS
OF THIRD PARTIES (INCLUDING WITHOUT LIMITATION ANY INTELLECTUAL PROPERTY RIGHTS
INCLUDING PATENT, COPYRIGHT OR TRADEMARK RIGHTS) OR (B) ANY IMPLIED WARRANTIES OF
MERCHANTABILITY, FITNESS FOR A PARTICULAR PURPOSE, TITLE OR NONINFRINGEMENT. IN NO
EVENT WILL ZIGBEE BE LIABLE FOR ANY LOSS OF PROFITS, LOSS OF BUSINESS, LOSS OF USE OF
DATA, INTERRUPTION OF BUSINESS, OR FOR ANY OTHER DIRECT, INDIRECT, SPECIAL OR
EXEMPLARY, INCIDENTIAL, PUNITIVE OR CONSEQUENTIAL DAMAGES OF ANY KIND, IN CONTRACT OR
IN TORT, IN CONNECTION WITH THIS DOCUMENT OR THE INFORMATION CONTAINED HEREIN, EVEN
IF ADVISED OF THE POSSIBILITY OF SUCH LOSS OR DAMAGE. All Company, brand and product
names may be trademarks that are the sole property of their respective owners.  

The above notice and this paragraph must be included on all copies of this document
that are made.

PICS Completion Notes
=====================
In each <support></support> item use:
  "true"  if the feature is supported, OR
  "false" if the feature is NOT supported
By default all items are not supported (false)
      
-->
<clusterPICS xmlns:xsi="http://www.w3.org/2001/XMLSchema-instance"
xsi:noNamespaceSchemaLocation="file://./16-03902-003-Generic-PICS-XML-Schema.xsd">
  <!-- General cluster information -->
	<name>Scenes</name>
	<clusterId>0x0005</clusterId>
	<picsRoot>S</picsRoot>
  <!-- PIXIT -->
  <pixit>
    <pixitItem>
      <itemNumber>S.PIXIT01</itemNumber>
      <feature>How many scene table entries are automatically created on the device when factory new?</feature>
      <specification>8</specification>
    </pixitItem>
    <pixitItem>
      <itemNumber>S.PIXIT02</itemNumber>
      <feature>Which scene IDs per group ID are automatically configured on the device when factory new?</feature>
      <specification>E.g. 0x0000: 0x00, 0x0001: 0x01, 0x02</specification>
    </pixitItem>
  </pixit>
  <!-- Cluster usage -->
	<usage>
		<picsItem>
			<itemNumber>S.S</itemNumber>
			<feature>Does the device implement the scenes cluster as a server?</feature>
			<reference>3.7.2</reference>
			<status>O</status>
			<support>true</support>
		</picsItem>
		<picsItem>
			<itemNumber>S.C</itemNumber>
			<feature>Does the device implement the scenes cluster as a client?</feature>
			<reference>3.7.3</reference>
			<status>O</status>
			<support>false</support>
		</picsItem>
	</usage>
  <!-- Server side -->
	<clusterSide type="server">
		<attributes>
			<picsItem>
				<itemNumber>S.S.A0000</itemNumber>
				<feature>Does the device implement the SceneCount attribute?</feature>
				<reference>Table 3.37</reference>
				<reference>3.7.2.2.1.1</reference>
				<status cond="S.S">M</status>
				<support>true</support>
			</picsItem>
      <picsItem>
        <itemNumber>S.S.A0001</itemNumber>
        <feature>Does the device implement the CurrentScene attribute?</feature>
        <reference>Table 3.37</reference>
        <reference>3.7.2.2.1.2</reference>
        <status cond="S.S">M</status>
        <support>true</support>
      </picsItem>
      <picsItem>
        <itemNumber>S.S.A0002</itemNumber>
        <feature>Does the device implement the CurrentGroup attribute?</feature>
        <reference>Table 3.37</reference>
        <reference>3.7.2.2.1.3</reference>
        <status cond="S.S">M</status>
        <support>true</support>
      </picsItem>
      <picsItem>
        <itemNumber>S.S.A0003</itemNumber>
        <feature>Does the device implement the SceneValid attribute?</feature>
        <reference>Table 3.37</reference>
        <reference>3.7.2.2.1.4</reference>
        <status cond="S.S">M</status>
        <support>true</support>
      </picsItem>
      <picsItem>
        <itemNumber>S.S.A0004</itemNumber>
        <feature>Does the device implement the NameSupport attribute?</feature>
        <reference>Table 3.37</reference>
        <reference>3.7.2.2.1.5</reference>
        <status cond="S.S">M</status>
        <support>true</support>
      </picsItem>
      <picsItem>
        <itemNumber>S.S.A0005</itemNumber>
        <feature>Does the device implement the LastConfiguredBy attribute?</feature>
        <reference>Table 3.37</reference>
        <reference>3.7.2.2.1.6</reference>
        <status cond="S.S">O</status>
        <support>false</support>
      </picsItem>
      <picsItem>
        <itemNumber>S.S.Afffd</itemNumber>
        <feature>Does the device implement the ClusterRevision global attribute?</feature>
        <reference>Table 2-1</reference>
        <reference>2.3.5.1.1</reference>
        <status cond="S.S">M</status>
        <support>true</support>
      </picsItem>
      <picsItem>
        <itemNumber>S.S.Afffe</itemNumber>
        <feature>Does the device implement the AttributeReportingStatus global attribute?</feature>
        <reference>Table 2-1</reference>
        <reference>2.3.5.1.2</reference>
        <status cond="S.S">O</status>
        <support>false</support>
      </picsItem>
    </attributes>
		<commandsReceived>
      <picsItem>
        <itemNumber>S.S.C00.Rsp</itemNumber>
        <feature>Does the device implement receiving the Add Scene command?</feature>
        <reference>Table 3.39</reference>
        <reference>3.7.2.4.2</reference>
        <status cond="S.S">M</status>
        <support>true</support>
      </picsItem>
      <picsItem>
        <itemNumber>S.S.C01.Rsp</itemNumber>
        <feature>Does the device implement receiving the View Scene command?</feature>
        <reference>Table 3.39</reference>
        <reference>3.7.2.4.3</reference>
        <status cond="S.S">M</status>
        <support>true</support>
      </picsItem>
      <picsItem>
        <itemNumber>S.S.C02.Rsp</itemNumber>
        <feature>Does the device implement receiving the Remove Scene command?</feature>
        <reference>Table 3.39</reference>
        <reference>3.7.2.4.4</reference>
        <status cond="S.S">M</status>
        <support>true</support>
      </picsItem>
      <picsItem>
        <itemNumber>S.S.C03.Rsp</itemNumber>
        <feature>Does the device implement receiving the Remove All Scenes command?</feature>
        <reference>Table 3.39</reference>
        <reference>3.7.2.4.5</reference>
        <status cond="S.S">M</status>
        <support>true</support>
      </picsItem>
      <picsItem>
        <itemNumber>S.S.C04.Rsp</itemNumber>
        <feature>Does the device implement receiving the Store Scene command?</feature>
        <reference>Table 3.39</reference>
        <reference>3.7.2.4.6</reference>
        <status cond="S.S">M</status>
        <support>true</support>
      </picsItem>
      <picsItem>
        <itemNumber>S.S.C05.Rsp</itemNumber>
        <feature>Does the device implement receiving the Recall Scene command?</feature>
        <reference>Table 3.39</reference>
        <reference>3.7.2.4.7</reference>
        <status cond="S.S">M</status>
        <support>true</support>
      </picsItem>
      <picsItem>
        <itemNumber>S.S.C06.Rsp</itemNumber>
        <feature>Does the device implement receiving the Get Scene Membership command?</feature>
        <reference>Table 3.39</reference>
        <reference>3.7.2.4.8</reference>
        <status cond="S.S">M</status>
        <support>true</support>
      </picsItem>
      <picsItem>
        <itemNumber>S.S.C40.Rsp</itemNumber>
        <feature>Does the device implement receiving the Enhanced Add Scene command?</feature>
        <reference>Table 3.39</reference>
        <reference>3.7.2.4.9</reference>
        <status cond="S.S">O</status>
        <support>false</support>
      </picsItem>
      <picsItem>
        <itemNumber>S.S.C41.Rsp</itemNumber>
        <feature>Does the device implement receiving the Enhanced View Scene command?</feature>
        <reference>Table 3.39</reference>
        <reference>3.7.2.4.10</reference>
        <status cond="S.S">O</status>
        <support>false</support>
      </picsItem>
      <picsItem>
        <itemNumber>S.S.C42.Rsp</itemNumber>
        <feature>Does the device implement receiving the Copy Scene command?</feature>
        <reference>Table 3.39</reference>
        <reference>3.7.2.4.11</reference>
        <status cond="S.S">O</status>
        <support>false</support>
      </picsItem>
    </commandsReceived>
		<commandsGenerated>
			<picsItem>
				<itemNumber>S.C.C00.Tx</itemNumber>
				<feature>Does the device implement sending the Add Scene Response command?</feature>
				<reference>Table 3.40</reference>
				<reference>3.7.2.5.1</reference>
				<status cond="S.S">M</status>
				<support>true</support>
			</picsItem>
      <picsItem>
        <itemNumber>S.C.C01.Tx</itemNumber>
        <feature>Does the device implement sending the View Scene Response command?</feature>
        <reference>Table 3.40</reference>
        <reference>3.7.2.5.2</reference>
        <status cond="S.S">M</status>
        <support>true</support>
      </picsItem>
      <picsItem>
        <itemNumber>S.C.C02.Tx</itemNumber>
        <feature>Does the device implement sending the Remove Scene Response command?</feature>
        <reference>Table 3.40</reference>
        <reference>3.7.2.5.3</reference>
        <status cond="S.S">M</status>
        <support>true</support>
      </picsItem>
      <picsItem>
        <itemNumber>S.C.C03.Tx</itemNumber>
        <feature>Does the device implement sending the Remove All Scenes Response command?</feature>
        <reference>Table 3.40</reference>
        <reference>3.7.2.5.4</reference>
        <status cond="S.S">M</status>
        <support>true</support>
      </picsItem>
      <picsItem>
        <itemNumber>S.C.C04.Tx</itemNumber>
        <feature>Does the device implement sending the Store Scene Response command?</feature>
        <reference>Table 3.40</reference>
        <reference>3.7.2.5.5</reference>
        <status cond="S.S">M</status>
        <support>true</support>
      </picsItem>
      <picsItem>
        <itemNumber>S.C.C06.Tx</itemNumber>
        <feature>Does the device implement sending the Get Scene Membership Response command?</feature>
        <reference>Table 3.40</reference>
        <reference>3.7.2.5.6</reference>
        <status cond="S.S">M</status>
        <support>true</support>
      </picsItem>
      <picsItem>
        <itemNumber>S.C.C40.Tx</itemNumber>
        <feature>Does the device implement sending the Enhanced Add Scene Response command?</feature>
        <reference>Table 3.40</reference>
        <reference>3.7.2.5.7</reference>
        <status cond="S.S">O</status>
        <support>false</support>
      </picsItem>
      <picsItem>
        <itemNumber>S.C.C41.Tx</itemNumber>
        <feature>Does the device implement sending the Enhanced View Scene Response command?</feature>
        <reference>Table 3.40</reference>
        <reference>3.7.2.5.8</reference>
        <status cond="S.S">O</status>
        <support>false</support>
      </picsItem>
      <picsItem>
        <itemNumber>S.C.C42.Tx</itemNumber>
        <feature>Does the device implement sending the Copy Scene Response command?</feature>
        <reference>Table 3.40</reference>
        <reference>3.7.2.5.9</reference>
        <status cond="S.S">O</status>
        <support>false</support>
      </picsItem>
    </commandsGenerated>
	</clusterSide>
  <!-- Client side -->
	<clusterSide type="client">
    <attributes>
      <picsItem>
        <itemNumber>S.C.Afffd</itemNumber>
        <feature>Does the device implement the ClusterRevision global attribute?</feature>
        <reference>Table 2-1</reference>
        <reference>2.3.5.1.1</reference>
        <status cond="S.C">M</status>
        <support>false</support>
      </picsItem>
      <picsItem>
        <itemNumber>S.C.Afffe</itemNumber>
        <feature>Does the device implement the AttributeReportingStatus global attribute?</feature>
        <reference>Table 2-1</reference>
        <reference>2.3.5.1.2</reference>
        <status cond="S.C">O</status>
        <support>false</support>
      </picsItem>
    </attributes>
    <commandsReceived>
			<picsItem>
				<itemNumber>S.C.C00.Rsp</itemNumber>
				<feature>Does the device implement receiving the Add Scene Response command?</feature>
				<reference>Table 3.40</reference>
				<reference>3.7.2.5.1</reference>
				<status cond="S.C">O</status>
				<support>false</support>
			</picsItem>
      <picsItem>
        <itemNumber>S.C.C01.Rsp</itemNumber>
        <feature>Does the device implement receiving the View Scene Response command?</feature>
        <reference>Table 3.40</reference>
        <reference>3.7.2.5.2</reference>
        <status cond="S.C">O</status>
        <support>false</support>
      </picsItem>
      <picsItem>
        <itemNumber>S.C.C02.Rsp</itemNumber>
        <feature>Does the device implement receiving the Remove Scene Response command?</feature>
        <reference>Table 3.40</reference>
        <reference>3.7.2.5.3</reference>
        <status cond="S.C">O</status>
        <support>false</support>
      </picsItem>
      <picsItem>
        <itemNumber>S.C.C03.Rsp</itemNumber>
        <feature>Does the device implement receiving the Add Scene Response command?</feature>
        <reference>Table 3.40</reference>
        <reference>3.7.2.5.4</reference>
        <status cond="S.C">O</status>
        <support>false</support>
      </picsItem>
      <picsItem>
        <itemNumber>S.C.C04.Rsp</itemNumber>
        <feature>Does the device implement receiving the Store Scene Response command?</feature>
        <reference>Table 3.40</reference>
        <reference>3.7.2.5.5</reference>
        <status cond="S.C">O</status>
        <support>false</support>
      </picsItem>
      <picsItem>
        <itemNumber>S.C.C06.Rsp</itemNumber>
        <feature>Does the device implement receiving the Get Scene Membership Response command?</feature>
        <reference>Table 3.40</reference>
        <reference>3.7.2.5.6</reference>
        <status cond="S.C">O</status>
        <support>false</support>
      </picsItem>
      <picsItem>
        <itemNumber>S.C.C40.Rsp</itemNumber>
        <feature>Does the device implement receiving the Enhanced Add Scene Response command?</feature>
        <reference>Table 3.40</reference>
        <reference>3.7.2.5.7</reference>
        <status cond="S.C">O</status>
        <support>false</support>
      </picsItem>
      <picsItem>
        <itemNumber>S.C.C41.Rsp</itemNumber>
        <feature>Does the device implement receiving the Enhanced View Scene Response command?</feature>
        <reference>Table 3.40</reference>
        <reference>3.7.2.5.8</reference>
        <status cond="S.C">O</status>
        <support>false</support>
      </picsItem>
      <picsItem>
        <itemNumber>S.C.C42.Rsp</itemNumber>
        <feature>Does the device implement receiving the Copy Scene Response command?</feature>
        <reference>Table 3.40</reference>
        <reference>3.7.2.5.9</reference>
        <status cond="S.C">O</status>
        <support>false</support>
      </picsItem>
    </commandsReceived>
		<commandsGenerated>
			<picsItem>
				<itemNumber>S.C.C00.Tx</itemNumber>
				<feature>Does the device implement sending the Add Scene command?</feature>
				<reference>Table 3.39</reference>
				<reference>3.7.2.4.2</reference>
				<status cond="S.C">O</status>
				<support>false</support>
			</picsItem>
      <picsItem>
        <itemNumber>S.C.C01.Tx</itemNumber>
        <feature>Does the device implement sending the View Scene command?</feature>
        <reference>Table 3.39</reference>
        <reference>3.7.2.4.3</reference>
        <status cond="S.C">O</status>
        <support>false</support>
      </picsItem>
      <picsItem>
        <itemNumber>S.C.C02.Tx</itemNumber>
        <feature>Does the device implement sending the Remove Scene command?</feature>
        <reference>Table 3.39</reference>
        <reference>3.7.2.4.4</reference>
        <status cond="S.C">O</status>
        <support>false</support>
      </picsItem>
      <picsItem>
        <itemNumber>S.C.C03.Tx</itemNumber>
        <feature>Does the device implement sending the Remove All Scenes command?</feature>
        <reference>Table 3.39</reference>
        <reference>3.7.2.4.5</reference>
        <status cond="S.C">O</status>
        <support>false</support>
      </picsItem>
      <picsItem>
        <itemNumber>S.C.C04.Tx</itemNumber>
        <feature>Does the device implement sending the Store Scene command?</feature>
        <reference>Table 3.39</reference>
        <reference>3.7.2.4.6</reference>
        <status cond="S.C">O</status>
        <support>false</support>
      </picsItem>
      <picsItem>
        <itemNumber>S.C.C05.Tx</itemNumber>
        <feature>Does the device implement sending the Recall Scene command?</feature>
        <reference>Table 3.39</reference>
        <reference>3.7.2.4.7</reference>
        <status cond="S.C">O</status>
        <support>false</support>
      </picsItem>
      <picsItem>
        <itemNumber>S.C.C06.Tx</itemNumber>
        <feature>Does the device implement sending the Get Scene Membership command?</feature>
        <reference>Table 3.39</reference>
        <reference>3.7.2.4.8</reference>
        <status cond="S.C">O</status>
        <support>false</support>
      </picsItem>
      <picsItem>
        <itemNumber>S.C.C40.Tx</itemNumber>
        <feature>Does the device implement sending the Enhanced Add Scene command?</feature>
        <reference>Table 3.39</reference>
        <reference>3.7.2.4.9</reference>
        <status cond="S.C">O</status>
        <support>false</support>
      </picsItem>
      <picsItem>
        <itemNumber>S.C.C41.Tx</itemNumber>
        <feature>Does the device implement sending the Enhanced View Scene command?</feature>
        <reference>Table 3.39</reference>
        <reference>3.7.2.4.10</reference>
        <status cond="S.C">O</status>
        <support>false</support>
      </picsItem>
      <picsItem>
        <itemNumber>S.C.C42.Tx</itemNumber>
        <feature>Does the device implement sending the Copy Scene command?</feature>
        <reference>Table 3.39</reference>
        <reference>3.7.2.4.11</reference>
        <status cond="S.C">O</status>
        <support>false</support>
      </picsItem>
    </commandsGenerated>
	</clusterSide>
</clusterPICS>
